"elpd_loo","mcse_elpd_loo","p_loo","looic","influence_pareto_k"
-2.32364088735629,0.00124402613984071,0.0412933527773962,4.64728177471259,0.200900242735733
-2.71412218986027,0.00137403066359531,0.0508849819789177,5.42824437972055,0.206468691451329
-3.11367036167544,0.00265133041436682,0.15791451520106,6.22734072335087,0.184728961318826
-2.69189232401292,0.000796006990112518,0.0186985796415993,5.38378464802584,0.190688268056828
-3.11704196048299,0.00347895019647173,0.28811114113654,6.23408392096599,0.293784573043417
-4.01431055126017,0.00341215316460915,0.154394638842295,8.02862110252034,0.443728847126742
-11.6882323055674,0.217802645863097,3.91590960925279,23.3764646111348,1.03148276707212
-3.13947409507346,0.00337781801083418,0.267574851809169,6.27894819014693,0.311062403878972
-5.05018938814762,0.0128622571246141,0.754941181234029,10.1003787762952,0.535770465720853
-2.69983317549726,0.00087655641952735,0.0217171559084548,5.39966635099453,0.268941502866988
-2.62204119051254,0.000480151364565572,0.00228777144704928,5.24408238102508,-0.0104096280546557
-2.64360569396145,0.00277266579898453,0.189891219917241,5.2872113879229,0.277490178331665
-2.88218522144136,0.00160247399386394,0.0554941825002899,5.76437044288271,0.306024949739957
-2.74708956611018,0.00157160834355254,0.0597154737059444,5.49417913222037,0.242895479428175
-6.5108035363203,0.0273307789113972,1.09468649694296,13.0216070726406,0.6151064972924
-3.24204579447383,0.00349349626519448,0.26487371649131,6.48409158894766,0.288366705732882
-6.84131346775566,0.00579824805284735,0.287575638528995,13.6826269355113,0.170996810867572
-3.06755910127393,0.00183116622400588,0.067524062428852,6.13511820254786,0.341466808593714
-3.10324609780698,0.00144937217764169,0.0495233871878273,6.20649219561395,0.237510866461788
-2.27688551284013,0.00104033004601439,0.0301668893977052,4.55377102568026,0.26914653749818
-6.31007904191752,0.0349108116372987,1.33349395597284,12.620158083835,0.638631887776545
-3.16297337326273,0.00121486049115391,0.032510869454681,6.32594674652546,0.371124051856266
-3.21880592019234,0.0035628606560674,0.199989311882703,6.43761184038468,0.341782175582007
-2.4917263100502,0.00246200409627517,0.154775103670506,4.9834526201004,0.271440766146974
-2.27772816924265,0.00101576061480613,0.0301172778201959,4.5554563384853,0.218896081049505
-2.98651181624698,0.00272281397303198,0.176675842370653,5.97302363249397,0.285859952429667
-3.19049361065403,0.0037905664133092,0.328058235981707,6.38098722130805,0.281932336694676
-2.41172126121329,0.00109958178245103,0.032123312811656,4.82344252242657,0.251846991552619
-3.00693376152696,0.00163286816622382,0.0618454456995536,6.01386752305391,0.287990860469594
-3.70272930843073,0.00309631087972866,0.129882618977359,7.40545861686146,0.434653006882782
-4.67116954768664,0.0065792829528051,0.392061042037628,9.34233909537327,0.479917105256113
-2.48690892449072,0.000796018487842769,0.0181514101977012,4.97381784898144,0.262742584491009
-3.65771537496381,0.00260907978346576,0.111325244432447,7.31543074992762,0.34072456396645
-2.59079366204669,0.00203039560507134,0.107135216767292,5.18158732409339,0.216807948696925
-2.41699950437866,0.00102931023524782,0.0310154394873638,4.83399900875733,0.210272543419918
-2.49252966435429,0.000794218526329493,0.0193368732768651,4.98505932870857,0.201829965024733
-2.48149010046387,0.000746985683400501,0.0168447236016096,4.96298020092775,0.244331521970821
-3.13618813147477,0.00162534739352929,0.0587479764041809,6.27237626294955,0.298353401727476
-3.20100737437648,0.00341738184931923,0.279715039373171,6.40201474875296,0.271256392526381
-2.93114068739779,0.0012957307951248,0.0400549424653605,5.86228137479558,0.225815820626832
-2.69365469194324,0.000856232312750826,0.0200842782619812,5.38730938388649,0.297489555618985
-2.45078048179099,0.00130829987607162,0.0433044213691165,4.90156096358199,0.3276345187359
-2.79288644315789,0.000883644116790982,0.0224653602197602,5.58577288631578,0.239738642785521
-2.28405303408847,0.0016333835184697,0.0700640640814694,4.56810606817694,0.224770786857138
-2.73597099163369,0.00150109904303038,0.0572193031867894,5.47194198326739,0.214482103379701
-2.41941280817994,0.00107266126068388,0.0318380411629668,4.83882561635989,0.181885903885159
-3.07380491058529,0.00307635422491028,0.198093683556964,6.14760982117059,0.298668140580923
-3.17417637641939,0.00177448811527788,0.0705052687479206,6.34835275283879,0.230186541358601
-2.94441602001378,0.000917824313210773,0.0224792428156597,5.88883204002756,0.297434646273803
-2.70497630080467,0.00210806130189659,0.105837703749392,5.40995260160934,0.300788902795324
-3.09538075232141,0.00162965669757971,0.0164525911104807,6.19076150464282,0.048324689912871
-2.86198907894546,0.00163897183801256,0.0662924068310797,5.72397815789092,0.23566703315282
-3.58132243016883,0.00184653870256114,0.0633704530478099,7.16264486033766,0.306767697050992
-3.33823683656012,0.00212161751886013,0.0996181165332839,6.67647367312024,0.26143624248123
-2.86245992860096,0.00130372868959272,0.0426807362121409,5.72491985720193,0.298941764552832
-2.8809603547198,0.00103081302784849,0.0265192892706185,5.7619207094396,0.30337044418583
-2.94617010428444,0.000937163978245274,0.0232619605947217,5.89234020856887,0.313425225152972
-3.28097213388586,0.0029040078237602,0.181401404420729,6.56194426777171,0.241971531580392
-2.23035765997676,0.00223658055020851,0.140245528438316,4.46071531995353,0.14885118178364
-4.68223302589734,0.00782685887739405,0.546510549394847,9.36446605179469,0.421859182921092
-2.62443617908561,0.00145584766620663,0.054866035249642,5.24887235817122,0.232185585649107
-2.74865577023155,0.00116151629746728,0.0349601693014776,5.49731154046309,0.197547814482077
-2.95300898904377,0.00313501213826755,0.225880662897643,5.90601797808755,0.251469433933806
-2.56207188399969,0.00197089817695438,0.10091482708056,5.12414376799937,0.251349013621126
-4.52807766362841,0.00791720798416977,0.465989972367339,9.05615532725682,0.449917615911617
-6.26546083078511,0.0554462366439567,1.35622656279828,12.5309216615702,0.669987988767745
-4.08883550857136,0.00885756579726531,0.491747583263695,8.17767101714273,0.527839857814619
-2.51346427582448,0.00357177890649273,0.250547995103775,5.02692855164896,0.283031872710829
-2.41863921914765,0.00264309075042822,0.155150344694041,4.83727843829529,0.24319840144857
-2.24837362758459,0.000912085317033219,0.024032960390306,4.49674725516919,0.241432839324916
-2.59148091985763,0.0035174108481576,0.26653035475656,5.18296183971525,0.198208318721599
-2.23378835541472,0.00318915351821277,0.197980658937285,4.46757671082944,0.176365217471112
-3.67893199205111,0.00537041803670666,0.34242811243397,7.35786398410223,0.40466649719802
-3.0699266722572,0.00471833175558627,0.364839332464118,6.13985334451441,0.24762371192788
-2.27218703066819,0.00262102759457927,0.161555643874863,4.54437406133638,0.230215309267643
-2.05921725298408,0.00324805399647601,0.16712721148712,4.11843450596817,0.219755119844249
-2.81000953316313,0.00218231498527526,0.0952388791299477,5.62001906632625,0.346820576976113
-1.88156713477769,0.00289884713163197,0.131756026986196,3.76313426955537,0.240933317256902
-2.93166136222609,0.00448802959116337,0.340131685607703,5.86332272445219,0.328373979661325
-2.51233660113911,0.00100036168328687,0.0274114657289779,5.02467320227823,0.245622737310276
-2.49499897937053,0.00438348798846485,0.273710463397093,4.98999795874105,0.25891288718378
-2.37189566770981,0.000836391393982675,0.0206126278767798,4.74379133541962,0.349308177129829
-3.63785598179287,0.00469704379027865,0.456916575580783,7.27571196358574,0.272651598453119
-1.85653882629542,0.0018282950653578,0.0709515976589792,3.71307765259085,0.226930871122897
-3.53171985656847,0.00545933799003476,0.181239638573857,7.06343971313695,0.097801920843411
-3.52883517809683,0.00441582095847066,0.431023267051565,7.05767035619366,0.303931644286419
-3.25819232706164,0.00402148817317543,0.360143205394685,6.51638465412327,0.255822883503397
-2.56708871732892,0.00272579998367209,0.180527789498729,5.13417743465785,0.223812695929891
-3.37332382890382,0.00107301486659661,0.0305761059355314,6.74664765780765,0.315766923516226
-2.60003840346778,0.000843616778360158,0.0205415336313841,5.20007680693556,0.285211205825122
-3.3170495632058,0.00163171146436489,0.0155584377965461,6.6340991264116,0.069243339071364
-3.09524275742559,0.00107461581491141,0.028358185941217,6.19048551485118,0.320161242628933
-5.2432960532774,0.0108825556546187,0.547958433869631,10.4865921065548,0.586979209413096
-2.792547748852,0.000898291163662591,0.0234079425952647,5.58509549770401,0.252273054696695
-3.15592714086944,0.00205666146939269,0.0242338360201231,6.31185428173888,0.0742043191104337
-2.80333072126936,0.00248588176845842,0.137442639890839,5.60666144253872,0.31880821822794
-2.60579797724345,0.00142129351045921,0.0519791738785429,5.2115959544869,0.245097965174593
-4.4344885843853,0.00313523200677235,0.131584627485752,8.86897716877061,0.161350037483229
-2.25948262472988,0.000939482321441546,0.026367762473523,4.51896524945976,0.161975767600552
-5.03331151184832,0.0129724120263222,0.703023922416119,10.0666230236966,0.537019977939863
-2.85976778021357,0.00324794803107781,0.244850615750984,5.71953556042714,0.262543744566362
-3.31869560310254,0.00368905116750894,0.272876096796629,6.63739120620508,0.298815586326302
-4.67684371342099,0.00531301775336551,0.606062504117924,9.35368742684199,0.255645841285987
-2.89479557862302,0.00283467073985961,0.188920601665325,5.78959115724605,0.326629653229035
-5.17336585528614,0.0119920007321997,0.796912564444575,10.3467317105723,0.470799915181577
-8.49917059995168,0.0646383712922372,2.39829878425389,16.9983411999034,0.727280126631169
-3.06060420386274,0.00120761227302488,0.0368101723612515,6.12120840772549,0.311948133496838
-2.61569405364339,0.00184621337626249,0.0869894907501596,5.23138810728678,0.207155012779551
-2.92022713567872,0.00115891080974123,0.0370552549906691,5.84045427135743,0.168707091524001
-3.14064701131906,0.00173924638056572,0.0174863327697352,6.28129402263811,0.0620638305123173
-4.50449358340105,0.00514024364101102,0.573071539265609,9.0089871668021,0.281059882910346
-2.6619776989854,0.00306461528948486,0.180243130329002,5.32395539797081,0.315510749329452
-2.90053822397577,0.00353094154278876,0.19151401316276,5.80107644795154,0.414569297218085
-2.86313318795086,0.00156081771963529,0.0534265411347778,5.72626637590173,0.331563633186154
-3.44199262486673,0.00546224208667038,0.264284205901626,6.88398524973347,0.498222044357403
-4.08742840519357,0.01126482138222,0.575407062863354,8.17485681038715,0.551013816230209
-2.69439617465851,0.00421901217424224,0.337382198321958,5.38879234931702,0.353335867812372
-2.97689178896625,0.00115782172286848,0.0344517336053229,5.95378357793251,0.318482419801682
-3.81556717422784,0.00476442865985254,0.257662171301595,7.63113434845568,0.416455757915114
-3.56469968259656,0.00488879570784794,0.433907783785424,7.12939936519312,0.312117684250268
-2.80642331271973,0.00343121059738714,0.26458062291352,5.61284662543946,0.281621738549221
-3.45287576516204,0.00391771412443029,0.211169912029707,6.90575153032408,0.431023273610166
-4.49665410712236,0.00889473813711543,0.480205004282904,8.99330821424472,0.486309779696518
-2.12098902938746,0.00114885547703385,0.0350643121387382,4.24197805877492,0.199543435019028
-3.23479701322048,0.00226667550444456,0.0896540776055428,6.46959402644097,0.35114109397928
-2.85242412383056,0.00137149159681857,0.044339265648027,5.70484824766112,0.340879070719965
-1.80104214615994,0.00140549816108003,0.0557992638166365,3.60208429231988,0.197456598591934
-2.82808160721373,0.00106189604464945,0.0322656758448243,5.65616321442747,0.194097369505004
-3.33188806671823,0.0024075587229657,0.136153768336795,6.66377613343645,0.286257943543417
-3.03272583868036,0.00238702710954725,0.108274613759818,6.06545167736071,0.33796049108201
-3.3134393764572,0.00384245612174384,0.334246899609839,6.6268787529144,0.33507635624944
-2.49236860664291,0.000827273213480057,0.0201865665746563,4.98473721328581,0.237942079785848
-3.48104793084846,0.00261213679489065,0.0957600881500804,6.96209586169692,0.448722261076647
-2.81133135017672,0.00177071519108936,0.0785275865039452,5.62266270035343,0.31069720853428
-3.62506476369883,0.0036330948953698,0.170115737372989,7.25012952739766,0.453534846102642
-2.48747296100524,0.000788399802881559,0.0185269184869252,4.97494592201049,0.203937569488446
-3.39713311419312,0.00282260878039445,0.143044289958116,6.79426622838625,0.284677638428958
-2.28517106232386,0.00108641906941632,0.0325052501003231,4.57034212464773,0.175631184689687
-3.19115717790388,0.0034837628670432,0.278460195315843,6.38231435580776,0.303267750866696
-3.59870182761128,0.00433820970249836,0.369029806651174,7.19740365522257,0.347495598064543
-3.95119064794473,0.00481600465961926,0.252590095661041,7.90238129588946,0.486631529211572
-2.69478969541873,0.000826938551969483,0.0200356478292587,5.38957939083746,0.252276674952313
-3.30057800458916,0.00142007327829798,0.0431521711094049,6.60115600917832,0.259731333367718
-2.37492005206765,0.000869706019389164,0.0212937507635029,4.74984010413531,0.248386124969394
-2.8878344137875,0.00138913700181302,0.0497068276553581,5.775668827575,0.245514917525779
-2.76587988614296,0.00265672418685151,0.183161918748651,5.53175977228592,0.251790173043967
-5.11374340040579,0.00574783760617327,0.1611603360796,10.2274868008116,0.160425788023525
-3.11316231192427,0.0027190498776213,0.160989615766121,6.22632462384855,0.34863832686646
-3.17123595469017,0.00109027697746116,0.0318750340280349,6.34247190938035,0.262712808626534
-3.44860704661404,0.00331615712355915,0.163161637133639,6.89721409322808,0.396375247015204
-3.10061327710584,0.00113077125281528,0.0313148338017371,6.20122655421168,0.275281179390596
-4.04427722369187,0.00553619874745035,0.327577477110974,8.08855444738374,0.450092923475202
-3.15420248759332,0.00224570669032989,0.0988113369888346,6.30840497518664,0.31252514315265
-3.15390374335226,0.00108002821942047,0.0287062118725956,6.30780748670452,0.280528539891099
-2.73764611359388,0.00116918328077252,0.0346526962969467,5.47529222718775,0.238133542465308
-3.27368242180126,0.00169643524683691,0.0537133981773774,6.54736484360253,0.38943340538169
-3.64105600021022,0.00465033544021606,0.302170381882883,7.28211200042044,0.349189664781222
-4.76065832075905,0.00918230410484653,0.47624461112421,9.5213166415181,0.520542599665569
-2.87325849168952,0.00224898056994769,0.122140941745673,5.74651698337904,0.273383377911738
-2.89483812568518,0.00279234285930392,0.184249239353379,5.78967625137036,0.323807067572932
-2.94582386452939,0.00168929882024694,0.0668305140176653,5.89164772905877,0.250762135244766
-3.23591347141128,0.00199499463121876,0.0811447222427173,6.47182694282256,0.298899218363395
-5.72961046761396,0.00767812938652758,0.255239309258962,11.4592209352279,0.210724771335149
-3.16259105030193,0.00347572376405612,0.295912870368246,6.32518210060386,0.268786252901728
-3.4212012361865,0.00175075933921371,0.0753513408279805,6.842402472373,0.239137886979325
-3.04516657604183,0.00195824621464115,0.0957413621774421,6.09033315208366,0.280791952838764
-3.20460406234231,0.000976379002042364,0.0252003210399412,6.40920812468461,0.288333959236955
-3.56873271993243,0.00169766413705821,0.0573076695582921,7.13746543986487,0.363552212279131
-2.59920320288641,0.00209862324284411,0.111385103178318,5.19840640577281,0.231229895530013
-3.01715283945797,0.000973533766882467,0.0239498454469285,6.03430567891595,0.329676251447836
-2.71647798033165,0.00273204257241125,0.202845309213702,5.4329559606633,0.205660714643767
-2.37358371584873,0.000807360479964444,0.0203980078201091,4.74716743169747,0.268378728260021
-2.56377826746437,0.0020757366024084,0.111200167502119,5.12755653492874,0.23741837468338
-6.6902862825514,0.031838604640948,1.60327512448024,13.3805725651028,0.600636531594517
-2.40602703548919,0.00199299497775125,0.105529832007807,4.81205407097837,0.194521671224681
-2.74990201162895,0.00181055126550873,0.0729387840207583,5.4998040232579,0.277565928769957
-4.72536901107612,0.0111582727201611,0.599741643803011,9.45073802215223,0.528500909949561
-2.81083208377367,0.00105040581673758,0.0301067341064183,5.62166416754734,0.338964628087912
-4.13638967678915,0.00496543458137586,0.534118199515771,8.2727793535783,0.324590957949018
-2.49328071642727,0.000834925175134214,0.0201660640161681,4.98656143285453,0.276787140383762
-1.8039422282738,0.0014620788423233,0.060322888880405,3.60788445654761,0.216296737718642
-2.04642436755979,0.000603233123482148,0.0132427704647515,4.09284873511957,0.146740361227623
-4.40464819905428,0.00537112706891416,0.224010553015046,8.80929639810855,0.210454354840285
-1.9667719551912,0.00229662239111635,0.145288083032053,3.9335439103824,0.294468550700514
-2.76708323980473,0.00346635763185194,0.295474384141148,5.53416647960945,0.255671798129312
-3.4459182919981,0.00497805257874306,0.340009368949891,6.89183658399621,0.36590311498896
-2.79375126912485,0.00353807711705574,0.317658829796665,5.58750253824969,0.322881121343295
-2.87376936183706,0.00356782729739419,0.32853961240256,5.74753872367411,0.236839123405233
-2.31857389222568,0.00122790027790239,0.0433420378153588,4.63714778445137,0.194252907101638
-1.88409114955949,0.00209440393551498,0.129783161532318,3.76818229911898,0.238109753764746
-2.77329895679566,0.00277052415713232,0.170467055753409,5.54659791359132,0.251685770416697
-3.11438383508777,0.0017950527991983,0.0667211821833362,6.22876767017555,0.37341898963091
-3.1506314706024,0.00138082145622763,0.0508111306898034,6.30126294120479,0.326285473013385
-2.65194411057421,0.00283239383922556,0.165122318750877,5.30388822114842,0.344434980996631
-2.23663274708321,0.000814691390094529,0.0204425555632302,4.47326549416642,0.21565994017126
-2.33373190564799,0.00221439554093394,0.125851841172981,4.66746381129598,0.341664071534574
-3.93613553869517,0.00425035947728838,0.0949405108490655,7.87227107739034,0.113236654633006
-2.89395009303909,0.00109167540863497,0.0316545311516734,5.78790018607819,0.260646796647801
-2.95593780168604,0.000966836542000493,0.0261779396394317,5.91187560337209,0.261507694467657
-3.05101654913357,0.00241702223732994,0.114186942077833,6.10203309826713,0.317889618621596
-2.69928578462609,0.000835856871059287,0.0211968705327354,5.39857156925218,0.259678207026537
-2.39045947750472,0.0022902795955546,0.138703136504191,4.78091895500944,0.241418800739731
-2.10831995564389,0.000990932456044885,0.0290577862081065,4.21663991128779,0.243336332806365
-2.7349664515522,0.00106558778651401,0.031355217266821,5.4699329031044,0.213308907483868
-2.80316978050316,0.00109404188630599,0.0278875801432026,5.60633956100631,0.323052585216096
-2.66545866115805,0.00123118004906104,0.0391423825108443,5.33091732231609,0.276887632592972
-2.80821089409264,0.00103425813159081,0.0289632673093116,5.61642178818528,0.273804850050713
-2.48618924544486,0.000778569544248736,0.0185141795690686,4.97237849088973,0.239266242830071
-2.09164176609577,0.00155894196958647,0.0706177665426537,4.18328353219153,0.236202228652495
-2.91592427786263,0.00129015031840301,0.0393117723366547,5.83184855572525,0.307695453393533
-3.16891381604324,0.00080670857211258,0.008806379378127,6.33782763208647,0.0835313779824746
-2.50202022704627,0.00223230443243224,0.127159044051288,5.00404045409254,0.290143280476339
-2.86206354504061,0.00183624987245877,0.0770165481037761,5.72412709008122,0.219409824882562
-2.69931597134299,0.000837389279468847,0.0210714413393642,5.39863194268597,0.300813120874774
-2.0427038882718,0.000615569001488581,0.0124787068139085,4.08540777654359,0.236843003631547
-3.01871947801567,0.00151189678074277,0.0507495606452224,6.03743895603134,0.314286654998151
-2.68226329043955,0.00168145507531559,0.0743337696335189,5.36452658087911,0.223368171310226
-3.66931735051107,0.00428765627621023,0.273749151383621,7.33863470102215,0.344102593320948
-3.21426974529131,0.00301499649469196,0.150118032610923,6.42853949058262,0.369801283083907
-3.14528316560978,0.00132122788877532,0.00792644016168609,6.29056633121955,0.060683972587104
-2.95211294088874,0.000940682444832055,0.0252106806896375,5.90422588177747,0.24229283173306
-2.80877157789736,0.00175224526280573,0.0669081352710226,5.61754315579472,0.318325617684486
-2.87638784930166,0.00202264551748483,0.0881170156608064,5.75277569860331,0.309574463514393
-4.06828798632254,0.00819550071926593,0.454111479435817,8.13657597264508,0.528581334544448
-2.63477189868498,0.00337208977268564,0.246224695530778,5.26954379736997,0.301643795499313
-2.50453873918243,0.000920693547765112,0.0245829645461271,5.00907747836486,0.249205008000848
-3.16976737042508,0.0011530022807477,0.0345602552928845,6.33953474085016,0.305291107289381
-2.80059843018146,0.000937376343489482,0.0256808731351832,5.60119686036293,0.247436405317644
-2.62284196050683,0.000975089593222623,0.0282036181593099,5.24568392101366,0.219784423607474
-3.69079882878507,0.00444409959266407,0.234159454818444,7.38159765757015,0.460565251386948
-2.80672642127634,0.00330223502536662,0.250016084937272,5.61345284255267,0.288976172735097
-2.73421725096285,0.00167683946972004,0.0668559258174035,5.46843450192571,0.275747223164147
-2.49668194090018,0.000811980215701052,0.0210203410053449,4.99336388180036,0.254331858606435
-2.70962516249922,0.000904325605009852,0.0247138472444224,5.41925032499843,0.262175025881469
-3.22789000426908,0.0017269756079162,0.059185555725497,6.45578000853815,0.33656706830303
-2.49862203551646,0.00156979572089647,0.0581378246650548,4.99724407103293,0.313084176423389
-3.3995284786549,0.00276512813646716,0.109049696574893,6.7990569573098,0.417117838317314
-2.81840432629945,0.00113223412216571,0.0333563902853395,5.6368086525989,0.297173216886738
-3.69718184064546,0.00471752841961968,0.488773655402785,7.39436368129093,0.260401974654574
-3.11287855669523,0.00245127462233001,0.115186106503613,6.22575711339045,0.303240175079043
-3.04161031945167,0.00306888114235021,0.137658755869859,6.08322063890334,0.377532431255068
-2.55312841213992,0.00127599242260271,0.04323885372383,5.10625682427984,0.320071064430043
-2.77071177516278,0.00144876654324042,0.0477917700629682,5.54142355032556,0.328616843938367
-2.80917505927383,0.00107175357650195,0.0298843671004096,5.61835011854766,0.323778129493089
-3.44181938381859,0.00446425949502217,0.353571878232611,6.88363876763719,0.3995405319913
-2.82104761633761,0.00103477578053788,0.0317920306534649,5.64209523267522,0.252872884985449
-2.73111904465542,0.00101489184034978,0.030910677659131,5.46223808931085,0.216517690517195
-2.91466499101278,0.00282866067333849,0.177755186911487,5.82932998202555,0.253682960010671
-6.32720980526669,0.02623412261841,1.24870998925838,12.6544196105334,0.624672626198506
-4.27104492728703,0.00608474631976983,0.333718851127772,8.54208985457405,0.43190165712897
-3.03711620167153,0.0010724542378867,0.0307720256026993,6.07423240334306,0.328851751914762
-2.64789574193075,0.00119294639842233,0.0374848857173902,5.29579148386151,0.244110252836281
-2.4750829879221,0.00140316565544165,0.050236353747092,4.9501659758442,0.294635014684275
-3.13190393082477,0.00199722520770751,0.0849325478490908,6.26380786164955,0.366721943865379
-2.36925356839226,0.000747040985608384,0.0193200326130842,4.73850713678451,0.185904356246807
-2.71009368685528,0.000912559909214645,0.0248960331618555,5.42018737371057,0.215455252004526
-2.3908730373278,0.00266076881377588,0.160849975943165,4.78174607465561,0.317234746738909
-3.17041639767754,0.0022682946609271,0.090215559535233,6.34083279535508,0.349524791264357
-2.04398821424166,0.00155082389866172,0.0662823656685081,4.08797642848332,0.225150726192997
-2.52473571894489,0.00292478872567195,0.194547885008198,5.04947143788978,0.258911835599439
-2.37727431051838,0.000828355894784077,0.0222047870614173,4.75454862103676,0.237776996713855
-2.94539784275196,0.00392440548786782,0.307877655719015,5.89079568550393,0.331858020996313
-2.64310469789327,0.00107366197806356,0.0341532333925478,5.28620939578655,0.265930827938246
-7.16526957999785,0.0432992562225758,1.91488356316051,14.3305391599957,0.709119799167486
-2.2117987510504,0.00286259545471108,0.212530307376323,4.42359750210079,0.26795844482396
-2.84190881072591,0.00224963779800305,0.108041257268802,5.68381762145182,0.305902947033067
-2.42102993842197,0.00117719258685415,0.0365751469566042,4.84205987684395,0.280496231768271
-1.79723806849212,0.00206342936951117,0.123205937435827,3.59447613698425,0.289209241466557
-2.66015990744199,0.00226288464475515,0.114965561540393,5.32031981488397,0.259612057658812
-2.89405876293278,0.00203547087259018,0.0936976560183282,5.78811752586556,0.276339267920455
-2.97256521710074,0.00109274740827905,0.0327649790587703,5.94513043420147,0.274205343777347
-2.13982318200203,0.00114371848782247,0.0393271052880646,4.27964636400405,0.245956875588292
-2.48071987660114,0.00288180500623702,0.217386203243592,4.96143975320228,0.290600408306192
-2.75520300051939,0.00183270678957842,0.0762564168443873,5.51040600103878,0.276149987522329
-3.89667788008394,0.00612702530610574,0.336679053437735,7.79335576016788,0.501582269638243
-2.60191087681935,0.00307831090120891,0.246890643986406,5.20382175363869,0.236396745824174
-2.22036907735594,0.00267964564728861,0.204673100115018,4.44073815471188,0.227363876322117
-1.87536095872716,0.00163681544190245,0.0789362650221417,3.75072191745432,0.201503182391446
-2.60892622994968,0.000855380911216363,0.022887768885127,5.21785245989937,0.235773310333786
-3.88309269711634,0.00471210288904325,0.490909890155226,7.76618539423268,0.299310906915628
-2.67315433897532,0.00182655069309722,0.0798908526693793,5.34630867795064,0.300027090025726
-2.62771839296663,0.00102160265617562,0.0289768522354734,5.25543678593326,0.224362377625411
-3.02490049999574,0.00163960779710556,0.0539192836634896,6.04980099999147,0.378300171770396
-3.04534330872415,0.00166713256332667,0.0613257379490602,6.09068661744829,0.328998279077815
-2.70435127860404,0.000843774540869611,0.0227111121828152,5.40870255720808,0.235824626059701
-2.44126181308692,0.00291826730977012,0.235435522922396,4.88252362617384,0.252585857883977
-2.65667477303226,0.00116352720909879,0.0375014261891859,5.31334954606451,0.260172655627008
-3.11121807683719,0.00220736366234891,0.0871348829598375,6.22243615367438,0.399843513038808
-3.13888754108016,0.00280663831266054,0.126231130927277,6.27777508216032,0.375276188036134
-3.39487281576285,0.00290937439911316,0.127379644222353,6.78974563152569,0.414522359561056
-2.00521910936049,0.00193267590164672,0.102781055317481,4.01043821872099,0.242018153953532
-2.37485486780321,0.000791415552052459,0.0206103275452829,4.74970973560643,0.228892082473544
-3.14830969267662,0.00276273351077961,0.129631353408376,6.29661938535325,0.38072660795375
-2.72083514418596,0.00288381198854441,0.221668626067952,5.44167028837192,0.240977137168869
-2.83000724556524,0.00192798418441473,0.0903007955209834,5.66001449113049,0.226556680862548
-3.4660283289726,0.00293206042456716,0.119030673389972,6.9320566579452,0.41877072536239
-2.86484676150909,0.00310816039381781,0.233618889443518,5.72969352301819,0.2166845000845
-2.64015147489864,0.00285195325957533,0.210653010854909,5.28030294979729,0.243686667486513
-3.40386729642288,0.0036616984476331,0.207777769202083,6.80773459284576,0.41751891243292
-1.57893640442825,0.000592229560150268,0.0116857104118626,3.1578728088565,0.180848152181183
-2.98033747572681,0.00359043512079932,0.188691929754507,5.96067495145363,0.383861749894547
-3.56618420765037,0.00334246584858331,0.1606518934626,7.13236841530074,0.411450913431258
-3.41625321852827,0.00404425224771238,0.190106659356491,6.83250643705654,0.480648463997906
-2.48721205939029,0.00144945773621439,0.0549612279315266,4.97442411878058,0.230952794836689
-2.21662048162552,0.00147740823957494,0.0592898161065172,4.43324096325104,0.199018884253677
-2.61927664516498,0.000956433157424058,0.0266872152831752,5.23855329032996,0.32521424341728
-2.35470191186546,0.00229986956033972,0.139451379409623,4.70940382373092,0.238552048103437
-2.23775123441711,0.00283632858246173,0.206036177856324,4.47550246883423,0.277781010066761
-2.07056010601056,0.000794402305060531,0.0202637690639325,4.14112021202113,0.219296156994237
-2.79313282173052,0.00245924320585986,0.136083976859624,5.58626564346103,0.279982740574035
-2.77555131817953,0.00157331112617159,0.0265768447382939,5.55110263635907,0.0707578135600339
-2.46481545344638,0.00173787959877183,0.0808605316934585,4.92963090689276,0.224536006565238
-3.07563644577026,0.00138896968899968,0.0459294286359189,6.15127289154053,0.29871762391474
-3.07530132468874,0.00324323908699055,0.180362975801099,6.15060264937749,0.32703746212273
-2.37410173862683,0.000810108756401272,0.0205224015722631,4.74820347725367,0.169041899638461
-2.66190958446025,0.0016592906749245,0.0687107494963346,5.32381916892049,0.286835568811023
-2.47235677914713,0.00138833041278122,0.0504652019898888,4.94471355829425,0.235234067193783
-2.44131336619042,0.00205962378792341,0.112048501267351,4.88262673238084,0.296720959360347
-2.34522436329774,0.00180645983401791,0.0882024901597038,4.69044872659549,0.284061048575773
-2.02148711982445,0.0024078228491002,0.151481856890602,4.04297423964889,0.20479213403799
-2.16091641259446,0.00170078198702594,0.0853527142688133,4.32183282518892,0.226176112866132
-2.04357644168762,0.000619600366646121,0.0128946809776949,4.08715288337525,0.255414033822239
-2.75432135500244,0.00120587512933997,0.0400002715225405,5.50864271000488,0.226455831597185
-2.71368906397999,0.000965968303136204,0.0255089513621662,5.42737812795999,0.258161141040442
-2.44521957237711,0.00119185023065898,0.0400517109604603,4.89043914475423,0.220127001734727
-2.18499726975731,0.00219882133419838,0.135448682166137,4.36999453951461,0.189536806313075
-2.92275917231678,0.00135480219009494,0.0423157097192739,5.84551834463357,0.355630498781965
-4.41335285959221,0.00538661511908917,0.174588928678415,8.82670571918441,0.222073320547352
-3.49750448599337,0.00392478504395772,0.23185206761994,6.99500897198673,0.393177493835992
-2.6047396583402,0.000885797237992535,0.022383751641236,5.2094793166804,0.290908631889409
-2.36610159942184,0.000780142794147301,0.018424014828021,4.73220319884369,0.251462682476804
-2.46840405973527,0.00179574154841993,0.081535712226394,4.93680811947053,0.274717270498987
-2.61116407646271,0.000928813159610559,0.0243301045412441,5.22232815292542,0.267271178597497
-2.61146730930206,0.000947401621154174,0.0245671745759957,5.22293461860411,0.332154342775188
-2.4033803551464,0.00156810393392034,0.0652809956758809,4.8067607102928,0.276354460619389
-4.66002204886679,0.010956394029007,0.660543031092208,9.32004409773359,0.504920722413836
-3.02559313287517,0.00101464984769419,0.0264826896487609,6.05118626575034,0.289619625586612
-3.02692719788718,0.000991239556998239,0.0265063030669221,6.05385439577435,0.204698145354354
-3.26895470322431,0.00168748563520239,0.0525091762095613,6.53790940644861,0.377365933384794
-2.85287712506144,0.00272508287485401,0.181187282056154,5.70575425012287,0.246261937730965
-3.1170937283833,0.00340570729216008,0.276134034074563,6.2341874567666,0.254528818482852
-4.08082247700496,0.00658660192374624,0.390008298740249,8.16164495400992,0.445727599549652
-2.58773962233026,0.00175938341840662,0.0789060125477477,5.17547924466052,0.202788755755078
-2.12375756094164,0.00167022959011728,0.0785372068741506,4.24751512188327,0.159052272304007
-2.65277987063651,0.00126085852621668,0.0388928043453021,5.30555974127303,0.243561057806659
-3.54808844995703,0.00369641243147,0.186669061406404,7.09617689991406,0.403426074231642
-3.57330664545685,0.00276964045941779,0.1338679657174,7.14661329091371,0.336719944346286
-2.64876154184116,0.0010942563710803,0.0342926400432866,5.29752308368232,0.225930322098259
-4.35576663460975,0.00490270969916046,0.132661561472411,8.7115332692195,0.12395202259345
-2.95746583868904,0.000944319863610142,0.0260567585114266,5.91493167737808,0.236216924732006
-3.06151377031106,0.00368692552135796,0.324090926060913,6.12302754062213,0.238330665838041
-3.33986309073015,0.0011186477365499,0.0350554777086076,6.6797261814603,0.258117998171752
-3.42244544061372,0.00112954420959253,0.0326217134054403,6.84489088122745,0.292470119312578
-2.09493596935588,0.000959213960540482,0.0260528885421429,4.18987193871175,0.196109801187353
-3.06318696055728,0.00119337662431914,0.0376341771643354,6.12637392111456,0.239348588493348
-2.54393930376018,0.00112282099419796,0.0348159789493732,5.08787860752037,0.222422873282573
-3.00358348457833,0.00139640086510864,0.0449019529971864,6.00716696915667,0.268553601795387
-2.74971069060101,0.000509833052337189,0.0056832283520567,5.49942138120203,0.0688031342600764
-4.95514451141615,0.00947640425494668,0.551967598552583,9.9102890228323,0.497334510563242
-2.73803279504461,0.00174839641626566,0.0710358062721266,5.47606559008922,0.310868334265732
-2.8726273302258,0.00157072447540539,0.0569763096266556,5.7452546604516,0.30820402145607
-2.74573226577066,0.00117818282991045,0.0386577922756928,5.49146453154131,0.373481025516408
-3.0690815207764,0.00469852311101172,0.441245500860637,6.1381630415528,0.344130157706218
-2.71321604314005,0.000928646924804342,0.0261570780064275,5.42643208628009,0.284766206826057
-2.43261000843196,0.00169701337831422,0.0771419955545358,4.86522001686392,0.328551430805575
-2.66493802414373,0.00123358899431697,0.041163869177737,5.32987604828745,0.214333567610705
-5.01187778575968,0.0123305403447917,0.754622232192245,10.0237555715194,0.46929735905446
-3.71961144931736,0.00465892805853485,0.270995139318456,7.43922289863471,0.364742821697964
-2.82626811525424,0.00113027581625414,0.0356275406452475,5.65253623050848,0.273265289413324
-2.56419954731517,0.00123687757470795,0.0423371758278037,5.12839909463034,0.259522266008023
-2.95482247258431,0.00292800981155701,0.19434838063871,5.90964494516862,0.263527431620358
-3.14065760423158,0.00337707320813057,0.213958577427986,6.28131520846315,0.32329115550161
-2.39847370516553,0.00245078466631492,0.151475718372291,4.79694741033105,0.25312506431211
-2.579287204093,0.00249071716707025,0.156590300534228,5.158574408186,0.214279236448246
-2.37442585521762,0.00148591237397967,0.0603060548312637,4.74885171043524,0.226680707521989
-3.40529539389768,0.00254070582074873,0.111463251273703,6.81059078779536,0.37937503264122
-1.7600776907367,0.00123625002388735,0.0473108192247746,3.5201553814734,0.222417312588479
-2.29370172836447,0.0011211558234569,0.0363359759715962,4.58740345672894,0.208987739404351
-2.48368590898196,0.000759696322866879,0.0175105336711034,4.96737181796392,0.269318745868505
-2.82273873453,0.00211067284591379,0.0937635462741468,5.64547746906,0.324917234063474
-3.66624924456442,0.00470298456693528,0.312009073065809,7.33249848912883,0.397313250869436
-2.40141992188643,0.000959742523708037,0.0275632762611089,4.80283984377287,0.248038814233969
-3.10369026969998,0.00226567926287135,0.106344598151599,6.20738053939995,0.309090149538192
-2.60805023839912,0.000876180228860617,0.0226199768827584,5.21610047679825,0.295149250775698
-2.23557299327512,0.00082202369052194,0.0200651080904528,4.47114598655024,0.256288630635887
-3.31635503587252,0.00251458999867091,0.113646675864677,6.63271007174504,0.326089275838903
-2.5375568823078,0.00221534624623826,0.132347892593007,5.07511376461559,0.277241055264701
-2.87783391550021,0.00455570877977615,0.0616737267147887,5.75566783100043,0.0745595574638734
-2.67140635498163,0.00124899175613192,0.0412721851544795,5.34281270996327,0.212993104436072
-6.55046894519472,0.0124933266791377,0.456705057987094,13.1009378903894,0.241052976902533
-3.77113525141788,0.00410098547668121,0.438780550373576,7.54227050283576,0.226115889596984
-2.29473932146676,0.00112778904044527,0.0364563039124182,4.58947864293351,0.204621802512511
-2.11942679645382,0.00162002616916377,0.0747510818284223,4.23885359290764,0.246318196102019
-2.29867311668284,0.00196359782734985,0.113620017318045,4.59734623336569,0.233521227210201
-2.21410707029942,0.000678179929122778,0.0146746744513511,4.42821414059883,0.299499639271779
-2.07769358416522,0.000833021659709735,0.0211950125312121,4.15538716833044,0.22962692845385
-3.11393031893758,0.00336870662507864,0.239061167957747,6.22786063787515,0.326455821951154
-5.83701906122921,0.018080475065539,1.05584757380144,11.6740381224584,0.576592853246705
-2.31089283494792,0.00117601349372945,0.0401860706112984,4.62178566989584,0.257934077346539
-2.3985935583378,0.00253751317546532,0.176799018692574,4.79718711667559,0.245243716960963
-2.80130373529331,0.00324160098032957,0.295937609991524,5.60260747058661,0.256659982327614
-2.37820695131828,0.000884613414805849,0.0221951842880568,4.75641390263656,0.30618557780704
-2.16054558745257,0.00116840637561263,0.041496024382397,4.32109117490514,0.207195569983941
-3.20921373352322,0.00367523327700436,0.356103918527884,6.41842746704644,0.254153807646869
-2.94593118569086,0.00193126566782936,0.0772699360544902,5.89186237138173,0.352496287835407
-2.17560558309233,0.00178445665829387,0.0877956122138102,4.35121116618467,0.259561298187312
-4.39961000682169,0.00891438907583695,0.566525399138188,8.79922001364339,0.562814148027235
-2.20634476618413,0.00220913836076415,0.136350449602194,4.41268953236826,0.211443401288888
-4.52886106255314,0.0085639138966985,0.482135123000934,9.05772212510627,0.505188028711773
-3.09604304151577,0.00258739750916962,0.129461426340137,6.19208608303154,0.30909218292304
-2.0410090149915,0.000589502725483417,0.0118966273420824,4.082018029983,0.162338871991737
-2.34153299135652,0.00174424410414163,0.0855534891217751,4.68306598271304,0.27369271608496
-2.44215155689038,0.00165775403545625,0.0742478747396724,4.88430311378075,0.244143887670619
-2.4236146612233,0.00278232557838348,0.216890864800162,4.8472293224466,0.261920516331786
-3.49179593236531,0.00390600751841543,0.397537418471654,6.98359186473062,0.205075021775604
-2.5123766108567,0.000969627675016756,0.0249008431081936,5.0247532217134,0.207950795151287
-2.85384242323737,0.00141777916715417,0.0447474301291351,5.70768484647474,0.305542380590243
-2.30795103211516,0.00162348396593303,0.075265724921076,4.61590206423032,0.224091047680875
-2.43656181028207,0.00194620028948546,0.104090772935583,4.87312362056414,0.23595528319201
-2.41209270394245,0.00103616861550937,0.0303033845604794,4.82418540788489,0.253536084273433
-2.39340396150394,0.000945244803849555,0.0250677417748264,4.78680792300788,0.198962169337682
-2.7461205395581,0.00114658160995439,0.0341193726444455,5.49224107911621,0.270990449765408
-3.12338765759572,0.00135282742821226,0.0397807645261139,6.24677531519144,0.34585641023222
-2.62111536897852,0.001417564699137,0.0543646162769829,5.24223073795703,0.186447178423254
-2.48573850628528,0.000793652330939017,0.0178226001071771,4.97147701257056,0.227440921324231
-2.05536184283932,0.000679149470604268,0.0152024382278668,4.11072368567865,0.19820352629876
-2.73829605796844,0.00236438397581777,0.141982415894796,5.47659211593687,0.265230374310533
-2.65144969304879,0.00234939382726715,0.151014541715536,5.30289938609758,0.232315345998859
-2.30143199612247,0.00198525872214965,0.112162602246867,4.60286399224495,0.185191229174245
-2.21630525575573,0.00132302985689739,0.0528809433807336,4.43261051151145,0.220920205877318
-2.86665115200396,0.000841094488399665,0.0209515766512922,5.73330230400793,0.190170457914847
-3.26117985192899,0.00104322405043455,0.0269131493747174,6.52235970385799,0.3296690469094
-2.98718750447911,0.00236823996791396,0.116942858528272,5.97437500895823,0.311937346967105
-2.10682081174316,0.000951600924568901,0.0278945945381945,4.21364162348632,0.184760521142087
-2.49552867986248,0.00171776323694094,0.0838857037238494,4.99105735972497,0.227872241707056
-2.3620494332477,0.000742921156884501,0.0169671304333292,4.72409886649541,0.161159712007997
-3.50550484854429,0.00376610960803636,0.388832638231422,7.01100969708859,0.216586922632524
-3.7878125106794,0.00371808605310805,0.180744740960229,7.5756250213588,0.446807610225913
-2.46416996328744,0.00157454919295371,0.0752554656059399,4.92833992657488,0.146548062667445
-3.24410556755188,0.00305866541861792,0.177463915303932,6.48821113510376,0.294743128007245
-2.60128475622935,0.000851840646778551,0.0209429331454505,5.20256951245871,0.20262899409385
-2.8465281413853,0.00182620503916736,0.0703437276400649,5.69305628277061,0.330626171364933
-2.82529267288681,0.0016482776169087,0.0631535922740589,5.65058534577362,0.285276079818643
-3.75770200504341,0.00482054785583362,0.0540166223850775,7.51540401008681,0.0553904285699254
-2.45847328704604,0.00121725897166688,0.0419556298868358,4.91694657409208,0.219999626937464
-2.48093551573,0.00172336940846423,0.0813398402132339,4.96187103146,0.262390496904576
-2.35258463428135,0.000682857499439395,0.0142790863427127,4.70516926856271,0.19143960778131
-3.75707394458722,0.00418589426233263,0.240315592054761,7.51414788917444,0.422776368031906
-2.65687355155597,0.00125433357917102,0.039050455738435,5.31374710311194,0.28475630532334
-3.19414952287145,0.00135231037337297,0.0429930310995097,6.3882990457429,0.229807905756467
-2.71913084604089,0.000968865508984185,0.0264662284709463,5.43826169208177,0.299789425264643
-2.90309455330549,0.00115811376097287,0.0336181953738706,5.80618910661098,0.303300915132538
-3.50432687189352,0.00397198329961764,0.346588860995867,7.00865374378703,0.277838932435351
-4.40259751838294,0.00440544406649946,0.0831830548315882,8.80519503676589,0.145366581131746
-3.2643029923929,0.00359485963702572,0.293091884152073,6.5286059847858,0.322494289631393
-7.34050549047914,0.0066005016066981,0.371010176504755,14.6810109809583,0.222796627489009
-2.64190552799959,0.00103548652443167,0.0311133734270506,5.28381105599918,0.231788208731124
-2.53609182337147,0.00110534243673828,0.0336858295084994,5.07218364674294,0.218790864285836
-3.68376001069596,0.00273655594502698,0.12043470286368,7.36752002139191,0.319984603720332
-2.45549132867939,0.00162462471951764,0.0742305656116962,4.91098265735878,0.273161877793429
-2.65643831805116,0.00126719791552051,0.0387652293599317,5.31287663610232,0.276289181841538
-2.47896682298328,0.000737025536879618,0.0162087998079006,4.95793364596655,0.256628063311401
-2.59889083008427,0.000831167122399366,0.0195356971399541,5.19778166016854,0.26723238327381
-3.12527909804296,0.00328510280629591,0.260200449417018,6.25055819608592,0.247117396849148
-2.69067489681244,0.000784029844687292,0.0184458574680431,5.38134979362487,0.226546309500223
-2.63574028008405,0.00218265587323047,0.118523681618461,5.2714805601681,0.248091878050947
-2.7314129125219,0.00117736507082756,0.033003426757805,5.4628258250438,0.265535290882127
-3.79586969755184,0.00400290882291847,0.235698732436796,7.59173939510368,0.393500106880059
-2.90037013371706,0.00100839685126313,0.0302576732522297,5.80074026743413,0.128739651707598
-3.51376595459638,0.00373251756981858,0.206417014266741,7.02753190919276,0.386919006036925
-2.36099362387186,0.000744993918660471,0.01670268046073,4.72198724774372,0.283961594750057
-2.60732013092808,0.000906284072095954,0.0228719256787713,5.21464026185616,0.295189655563124
-2.6926013614114,0.000819406581120599,0.0193566220607977,5.3852027228228,0.253790177435647
-2.70321878786349,0.000924804993758284,0.0230582338639191,5.40643757572698,0.338726085822303
-1.88943408974393,0.000863340671284797,0.022283758202601,3.77886817948785,0.233819798245237
-3.32375645837444,0.00364755572336742,0.221275781401108,6.64751291674888,0.347786628500002
-2.4419110959313,0.00295808341553015,0.236604901878293,4.88382219186261,0.266954338314994
-2.91649203668406,0.00189935816884242,0.0695693385497229,5.83298407336812,0.362493907612931
-2.56370537964266,0.00239416995955234,0.147997824266621,5.12741075928532,0.232684098129366
-2.5682581578097,0.00133788811240136,0.0453377115353568,5.1365163156194,0.270814422385653
-4.22908591592888,0.00740767329990961,0.515793328911239,8.45817183185776,0.427505374504581
-3.48688080471287,0.00420700083316535,0.42770719097345,6.97376160942574,0.295988909343136
-3.65488269204471,0.00501710034071166,0.326170799627935,7.30976538408943,0.405491290601391
-2.70779836169314,0.000877297429876194,0.0241136318480404,5.41559672338629,0.224173794961401
-2.13761822176514,0.00115871747872863,0.0372162638299116,4.27523644353028,0.155263930950932
-2.2241979409526,0.00073486172791851,0.0175950074844309,4.44839588190519,0.148720226571382
-3.58095339896657,0.00460533354521086,0.448758047960393,7.16190679793313,0.373232246806223
-2.55409697531212,0.00236770870250722,0.145042863773387,5.10819395062423,0.241640559325381
-2.10471154490608,0.000962647355394689,0.0284505586945265,4.20942308981216,0.229587423385237
-3.85332246707411,0.00443425084981132,0.242521035451825,7.70664493414822,0.425159138873003
-2.74023748435456,0.00120644829257166,0.0365281992291511,5.48047496870911,0.294061101770255
-2.57038066224444,0.00186597116144701,0.0405578105918654,5.14076132448887,0.0756704482966271
-1.93222735472191,0.00108118612039667,0.0344329405078412,3.86445470944382,0.169630358840863
-2.52645637008265,0.00232809924658079,0.140819171567685,5.05291274016531,0.295387988165852
-2.09636833089651,0.00166090026018718,0.0758612139635986,4.19273666179303,0.266350603098734
-2.5585012108912,0.00339714677864549,0.26814560668517,5.1170024217824,0.200906459150636
-2.71490749466821,0.000907816898353626,0.0258922670836697,5.42981498933641,0.23895560621814
-2.72048493112521,0.00103110851456703,0.0290961760807011,5.44096986225042,0.293250732487083
-2.70504729588956,0.00152934970930937,0.057638103882331,5.41009459177912,0.286864953458534
-3.41356151062525,0.00254401392012409,0.113514574327927,6.8271230212505,0.292295372606639
-3.06498349246349,0.00110710834086477,0.0210267781650817,6.12996698492698,0.134737330378814
-4.53429320133621,0.00403826303369923,0.211914446086772,9.06858640267241,0.212563164083561
-3.18825406504429,0.00396614713822349,0.392979931259877,6.37650813008857,0.318065436535333
-3.09184379160691,0.0016727884654403,0.0548268749023091,6.18368758321381,0.39111885433717
-2.37908492696248,0.00150194823426965,0.0609782563657681,4.75816985392495,0.250341763134549
-4.31140003680661,0.00803982098251246,0.510856825818813,8.62280007361322,0.421228113178445
-2.51122534572219,0.000912260972193289,0.0257984918598027,5.02245069144438,0.198380128251252
-2.79426325483004,0.00243542735445749,0.122955684959885,5.58852650966007,0.324787882118294
-2.15205234260225,0.00116104973307231,0.0401488188588264,4.30410468520449,0.203059798504629
-3.47915072349527,0.00392291200719812,0.205605433635851,6.95830144699055,0.441936377471941
-2.68154124273071,0.00239688316535305,0.140543802193845,5.36308248546141,0.292903468251688
-2.16720286656813,0.00176855235805665,0.088384626274939,4.33440573313625,0.154032252457083
-1.84607074864149,0.000620319381158162,0.0132494321296939,3.69214149728298,0.121561505681335
-2.09591548749114,0.00236995953106192,0.16531889278304,4.19183097498229,0.24465940335324
-2.3545220042909,0.00253569344621304,0.173619874527922,4.7090440085818,0.222081179885291
-2.16741752082911,0.00175222129273113,0.0884721393501735,4.33483504165821,0.219811866724036
-2.30525294174836,0.00117460994688105,0.0398923799810955,4.61050588349672,0.212544712739566
-4.11550794481978,0.00714810639739094,0.475432705652315,8.23101588963955,0.461406893771579
-2.55120218697006,0.00169746254638451,0.0738799861265012,5.10240437394012,0.233129886516948
-1.65777351032824,0.00212899198292147,0.144745851192701,3.31554702065647,0.258224482022684
-3.68570967452542,0.00537554835807911,0.409671560520991,7.37141934905084,0.380928589023267
-2.38623836137127,0.000921359424632345,0.0248280727124257,4.77247672274254,0.288468653829405
-1.88555426259314,0.00157734507842548,0.0751598767954977,3.77110852518628,0.293403461600558
-2.42658008484056,0.00107733330978442,0.0349511593904204,4.85316016968111,0.192242074786961
-2.31606686240636,0.00120134782452423,0.0421703802330544,4.63213372481272,0.135905368368501
-2.48940263300672,0.000778629624620709,0.0192897571702044,4.97880526601344,0.250042563808421
-2.24674972644569,0.0019332387377817,0.107283798626984,4.49349945289137,0.201474139698714
-2.46365673506502,0.00134457218715671,0.0477693837164015,4.92731347013003,0.223835156012194
-5.04252651267306,0.0154120762887375,0.828933056737551,10.0850530253461,0.544878503159323
-2.36474886873999,0.000755473053984906,0.017961650119533,4.72949773747997,0.27500036014903
-2.95595473469782,0.0036311583613341,0.303609262105619,5.91190946939563,0.288671140580043
-3.34531629771248,0.00383502913536363,0.202606612303196,6.69063259542497,0.461795139533647
-2.1493349849139,0.00217850051423748,0.130321090789229,4.29866996982781,0.278489015017042
-3.13227215825673,0.00227469235723378,0.0946310690949463,6.26454431651345,0.303516788940202
-2.43801782504312,0.00118472143930547,0.0401669547742358,4.87603565008623,0.167883664496601
-3.27963400911962,0.00322544751226458,0.156365000686488,6.55926801823924,0.36506521747672
-2.28243871379181,0.00107932732109623,0.0343918376798324,4.56487742758361,0.263660937210146
-2.22153146970373,0.000706593234444375,0.0168238103047056,4.44306293940746,0.153382002022559
-2.08602504831821,0.000859946360374066,0.0240457561030336,4.17205009663642,0.209316639570101
-2.57543315979446,0.0013684667805774,0.0479612407779904,5.15086631958892,0.229852878427106
-3.05947549943012,0.0027660209679218,0.152545924042149,6.11895099886023,0.260722036702699
-2.51920159800565,0.00100148722613717,0.029162938516297,5.03840319601129,0.264363417975519
-2.51143126224067,0.000919685777409506,0.0261550582908718,5.02286252448134,0.262772463366923
-3.48437137941043,0.00445562571609391,0.444978358214945,6.96874275882087,0.303256713493263
-3.36958414984326,0.00416221875524339,0.42162550087769,6.73916829968651,0.300367701549488
-2.86745268533346,0.0019271238013098,0.0830189340025047,5.73490537066691,0.253658581880778
-2.21026598712451,0.00193391920060424,0.10398843418097,4.42053197424902,0.189275102474756
-2.76976149117036,0.00225089783516988,0.113176530912105,5.53952298234072,0.266322720114315
-2.76073873472928,0.00141482960245349,0.0447630216073804,5.52147746945856,0.335632133783423
-2.05750808867755,0.000705373611011222,0.0159404706592063,4.11501617735509,0.200525310358125
-2.84077328341554,0.00183333095861423,0.0704360147588989,5.68154656683107,0.330605374656995
-3.36603397558126,0.00305090624147545,0.17629850919403,6.73206795116252,0.290461154371864
-3.6848057493893,0.00432588445240889,0.434699834330814,7.36961149877861,0.378496975096884
-3.05526830366433,0.00270056605867573,0.141994393216095,6.11053660732867,0.311114232719851
-1.98387874022922,0.00121441467455477,0.0440752974359988,3.96775748045843,0.215276733453958
-2.48385942879422,0.000763797308224456,0.0175681549177433,4.96771885758843,0.227064466568374
-2.36069295049659,0.000718613188059778,0.0164776565892772,4.72138590099318,0.251014040743935
-2.33626432990944,0.00217160570314196,0.124509138720047,4.67252865981888,0.268886893894368
-2.73736591556714,0.00110222837555379,0.0339641950106202,5.47473183113428,0.203375436282272
-3.13485437590021,0.00291774079167674,0.17003767676985,6.26970875180042,0.301405068033668
-3.01029709250561,0.00342714785133613,0.275394113949083,6.02059418501123,0.251811813863878
-2.98562827731118,0.00170678386811184,0.0639766411966587,5.97125655462236,0.269605587097175
-2.04150552725525,0.000577649965229332,0.0118964899463219,4.08301105451049,0.102330961397831
-2.83230466875956,0.00219636318779482,0.0969690352747836,5.66460933751913,0.328388295916685
-3.21763452910243,0.00366289266638008,0.266457856504797,6.43526905820486,0.276567527587814
-2.66237285045452,0.00179377375796102,0.0732812926483994,5.32474570090904,0.30267693520658
-2.34652630930264,0.00173614831272748,0.0867632654835866,4.69305261860528,0.197940875732539
-3.2700383763045,0.00323600891297828,0.167714713468698,6.540076752609,0.403326411800628
-2.22517932449514,0.000741672500869567,0.0172444524310738,4.45035864899029,0.234295424837647
-2.12111038531011,0.0010712470640647,0.0322569114190241,4.24222077062023,0.196727969021141
-2.51853811583579,0.00258675066931191,0.166638609150793,5.03707623167159,0.288936043729173
-2.43518151495058,0.00118360295372397,0.0386320683922126,4.87036302990117,0.20965156542688
-1.90180262497832,0.000905730973099578,0.0258329802404802,3.80360524995663,0.228515087531923
-2.22012478765907,0.00070921285621421,0.0161615512948874,4.44024957531814,0.159755244783963
-2.58661602787493,0.00137160802258907,0.0493140815791637,5.17323205574987,0.234718024319997
-5.2273482447304,0.0142375082141348,0.854794274242954,10.4546964894608,0.574556995263843
-2.25340121835333,0.00191058370939682,0.105424701727182,4.50680243670665,0.191195761750815
-3.08126581825393,0.00343213322405633,0.335799074182132,6.16253163650786,0.177057752865943
-2.52957241778135,0.00107807178330188,0.0316381072997345,5.05914483556271,0.219217344694252
-4.37126830876803,0.00536915413229922,0.546327250392538,8.74253661753606,0.325343216296078
-1.83415166877653,0.000536237727902201,0.0102007923435075,3.66830333755306,0.230316243353487
-2.08082240873154,0.000856068696969318,0.0220267361822177,4.16164481746307,0.279845235113381
-1.85199102243523,0.000668477042115802,0.0143353865431415,3.70398204487046,0.179454054358116
-2.62355763522034,0.00101292744991274,0.0271631756726194,5.24711527044067,0.220282504938267
-1.55528822680857,0.00040823065876091,0.00636864997584574,3.11057645361714,0.170510862298233
-2.22965313637727,0.00195996994731666,0.102126558279306,4.45930627275455,0.226856139549753
-2.82976866263204,0.00162594502285016,0.0598220973765518,5.65953732526407,0.262703557766132
-2.27719728337784,0.00106960414350735,0.0321014260956503,4.55439456675568,0.213988754438838
-3.30193493427629,0.00382439936571497,0.381520685250338,6.60386986855259,0.257705565159423
-2.19258410203133,0.00134583392026997,0.0500052983013468,4.38516820406265,0.18225397572259
-2.63004790479902,0.00296222158435463,0.226012527643462,5.26009580959804,0.214707451199622
-3.58181493441588,0.00468074771816855,0.440599339038869,7.16362986883176,0.333730486155116
-7.36790081474911,0.0125124062261853,0.559495548617264,14.7358016294982,0.289249788914657
-2.60561908645963,0.000903017065076683,0.0225241252464023,5.21123817291927,0.302758360443186
-5.40029146438746,0.0219479807629631,0.914112846569603,10.8005829287749,0.619069626940748
-2.91645463863888,0.00178551261480081,0.0681045633898911,5.83290927727776,0.313827254912014
-2.57871030345848,0.00266352291940532,0.145210699608317,5.15742060691696,0.214477644655614
-2.83954582558282,0.00167916181245921,0.0690332027055902,5.67909165116564,0.210878711317214
-1.86207991246942,0.000746452972423799,0.0167995226126205,3.72415982493885,0.209722954530778
-2.62041505380179,0.00102588988804191,0.0276266028296561,5.24083010760359,0.376539167206478
-3.43655479750283,0.00418533731426979,0.39873382354787,6.87310959500565,0.30277133193913
-1.97718610222274,0.00186527148387059,0.0932174721506716,3.95437220444548,0.245959017925747
-2.5319223552236,0.00211384801334244,0.0992623574909164,5.0638447104472,0.208315990234632
-2.37441515083716,0.000826308781310161,0.0203633788811377,4.74883030167432,0.198681231315923
-3.42902730994627,0.00376361103759964,0.055374406657771,6.85805461989255,0.0582956121252449
-2.1701141343661,0.00227234492714382,0.133191219414519,4.34022826873221,0.254145748542617
-2.4288807413006,0.00112052221237293,0.0350069401590734,4.85776148260119,0.240255315066057
-2.7602784155706,0.0013241803039771,0.0432838468026482,5.5205568311412,0.276942637334485
-2.02876477858283,0.00195365847482884,0.104237503903297,4.05752955716565,0.215270096267307
-3.26181205241063,0.00346905599591744,0.190776638920735,6.52362410482127,0.355719092821362
-2.04917133951469,0.000662296620467003,0.0141035436026655,4.09834267902939,0.204875815037784
-15.3050964352305,0.674511109701953,6.32147542723312,30.610192870461,1.16823107170801
-2.359369179095,0.00070732352367478,0.0160943026941425,4.71873835819,0.220959312588766
-2.43343142997276,0.00305645446387501,0.251505425092676,4.86686285994551,0.218415445604935
-2.37099184500214,0.000819842032170175,0.019664890570418,4.74198369000429,0.251532367345957
-2.07716555245603,0.00204200400115537,0.113397973604272,4.15433110491206,0.237188601659701
-3.66585036849927,0.00450589221307107,0.437882918419199,7.33170073699854,0.347437662754741
-2.25173813979859,0.000960076864514264,0.0254044401368567,4.50347627959718,0.230903091129666
-3.97799696331172,0.00543410911935495,0.513221592431615,7.95599392662344,0.299268398206986
-3.20803249173822,0.00395963434866349,0.365852706224407,6.41606498347645,0.285306313089261
-2.04817040801087,0.000648254306204663,0.013688916616033,4.09634081602174,0.128847659700822
-2.80131027459253,0.00155426241258394,0.056699883507191,5.60262054918507,0.309753637955429
-2.38480514991046,0.00228049269087498,0.135155189618006,4.76961029982091,0.174380039478712
-2.75745509056415,0.00128945323637962,0.0417693616930812,5.51491018112831,0.276391618274209
-2.87992573609171,0.00162311604824051,0.0551475079031132,5.75985147218342,0.350927022030895
-2.80636030329039,0.00099707668433244,0.0269377197140876,5.61272060658078,0.18787938436156
-3.03904668497883,0.00242187157620898,0.115216552375163,6.07809336995767,0.3310785620263
-2.65536526166581,0.00118693701915671,0.0390935825433694,5.31073052333162,0.246580052174851
-1.99182888879652,0.00183625686623791,0.100677639162406,3.98365777759305,0.269203484723361
-2.22103691393913,0.00069920252271523,0.0165116769181903,4.44207382787827,0.171769118920917
-2.13579635640153,0.00116742480717239,0.0377282593345925,4.27159271280307,0.267602143947914
-2.42931150735271,0.0011566354766353,0.0369783913569766,4.85862301470543,0.265422595620644
-2.35354361080403,0.00228886363230781,0.137832456004348,4.70708722160807,0.268546886713358
-1.72877186628607,0.00122387651415534,0.0433763208069635,3.45754373257215,0.191063000988412
-2.32604445031595,0.00177702740777696,0.0879432393483217,4.65208890063191,0.225775652622075
-2.5861196655648,0.0030071788461265,0.231555242672608,5.17223933112959,0.312412451485032
-2.11087728011938,0.000997524004200715,0.02990276643275,4.22175456023876,0.221763835801364
-2.38814817590078,0.0015474592887846,0.0645049254992216,4.77629635180157,0.175812171098369
-3.11744496203247,0.00323043042125344,0.17527486767591,6.23488992406495,0.364091524695031
-2.49497886323277,0.000803519302283825,0.0209268580829693,4.98995772646554,0.224910581773
-3.6224480078644,0.00370472987635226,0.202854735206486,7.24489601572879,0.367721512984643
-2.42012295444973,0.00244811719244828,0.154168559879297,4.84024590889947,0.261003116041327
-2.89656333035449,0.00274581115824256,0.154717538162179,5.79312666070899,0.275133807396701
-2.40737311636435,0.000999158213262873,0.0307714865598676,4.8147462327287,0.265157449047352
-2.2647641189628,0.000981980679906072,0.0297161778692541,4.5295282379256,0.192102530827508
-2.37284773781941,0.000797020964081266,0.0204774329821955,4.74569547563882,0.247882859401652
-2.30648549309382,0.00174807584935424,0.0849785661010962,4.61297098618764,0.232787629788618
-3.09913718839995,0.00305970005324749,0.173274766227443,6.19827437679989,0.329467958249269
-2.60808212379765,0.00161253598549154,0.0611266916866064,5.21616424759529,0.305971503961598
-2.54242039013883,0.00280800948087139,0.191330767593906,5.08484078027766,0.324056065737983
-2.24926430830506,0.000895024962858642,0.0250036510113585,4.49852861661013,0.226641839356944
-2.50550310090089,0.000854730056398884,0.0241013298092128,5.01100620180178,0.233270936552928
-2.37571365645575,0.000779969976049619,0.0209828478032854,4.75142731291151,0.209165005295741
-2.70609035488178,0.00248004587938833,0.0314409347320037,5.41218070976356,0.084974577439585
-2.10301395384862,0.00168623885032885,0.0798115050391868,4.20602790769724,0.244114551298272
-2.06426161309396,0.00076534704962613,0.018046721845101,4.12852322618791,0.200570325534425
-2.85120490649333,0.00123952849921358,0.0413536989355219,5.70240981298666,0.257294409496042
-3.87791411110592,0.00484988860331483,0.270358116872231,7.75582822221183,0.428084526013942
-2.76026476725162,0.00310327527305,0.230523151649139,5.52052953450324,0.271421960105326
-3.32866664036635,0.00391735192070464,0.393560635005759,6.6573332807327,0.275737929957878
-2.61008404601488,0.000932787257873118,0.0241294048439258,5.22016809202976,0.322970851518318
-2.51041178250301,0.000898466290273682,0.0252959094382899,5.02082356500602,0.204416224058701
-2.36545131134614,0.000750622092875373,0.0181767333141725,4.73090262269229,0.193468795369656
-3.76546987210885,0.00458277706763363,0.470044779713759,7.53093974421769,0.320262424649432
-2.4026247793689,0.0010287097925473,0.0301024693848841,4.80524955873781,0.225278707787861
-2.20157692657419,0.00263049505090922,0.185796007861256,4.40315385314839,0.301716273284579
-2.24270418209533,0.000849475875138546,0.0226490804987289,4.48540836419066,0.232740560334341
-2.40164316608605,0.00158613056752005,0.0668523119989572,4.8032863321721,0.242694761657172
-2.7425186199809,0.00211755370392826,0.102210292392906,5.48503723996179,0.282799442953347
-3.03773885006521,0.00113240822142436,0.0319357668520652,6.07547770013042,0.291839659117886
-3.5354254770774,0.00415235553400464,0.250544581026595,7.07085095415479,0.365952957808603
-2.34833607691926,0.00180553914448207,0.0908759711858238,4.69667215383852,0.27337403239572
-3.05559536558305,0.00264514807858027,0.146944042369453,6.11119073116611,0.286289323993578
-2.21807704877953,0.000672762160917825,0.0156767962080266,4.43615409755906,0.205117323452824
-3.61600921556619,0.00375461593500228,0.0942537837660584,7.23201843113237,0.0931878296963961
-2.99895268348408,0.00224505941627421,0.0989416864252597,5.99790536696816,0.353543042950756
-2.05521463331457,0.00163653721057411,0.0704976761346217,4.11042926662914,0.229531064586275
-2.39418555958571,0.0010076706923362,0.0284842132903194,4.78837111917143,0.284052592109615
-2.46554585405361,0.00137654783729214,0.0505891590878242,4.93109170810721,0.226915281346041
-2.08025989761862,0.00277050464502852,0.189202143340104,4.16051979523724,0.26434675410224
-2.17222563424386,0.00245061111113023,0.1560984180727,4.34445126848773,0.252057183745918
-2.95119194367098,0.00162393485018415,0.0558095999684287,5.90238388734197,0.365782642376615
-2.25812198596652,0.00227389863094819,0.12708880342081,4.51624397193303,0.288385634144872
-2.51237198357539,0.000919647689511292,0.0267949740513131,5.02474396715078,0.160442356619269
-3.13368396025455,0.00337958059349964,0.164810436926629,6.2673679205091,0.454568022559239
-4.63411299616705,0.0125330328054257,0.550002267641173,9.26822599233409,0.594812137105782
-2.69796062735495,0.00158077760724183,0.0569586928413255,5.39592125470989,0.328507665569297
-3.76625636160095,0.005405320648447,0.170317466624804,7.53251272320189,0.215576494940605
-2.37913605208835,0.000867573712119889,0.022927205217254,4.7582721041767,0.314041447571118
-2.79915380179665,0.00247416728160604,0.127235272915643,5.59830760359331,0.314037884994049
-3.88089882059474,0.00586439211866348,0.310604026030188,7.76179764118947,0.473379065534705
-2.9367510025347,0.00366541425430987,0.322479815245503,5.8735020050694,0.253240280028763
-2.91351929381598,0.00183138998706788,0.0697907909261151,5.82703858763196,0.354317326471371
-2.22104113144946,0.00245800289096559,0.15904293885619,4.44208226289891,0.268591235396412
-3.8472339270615,0.00572978438953958,0.548553715862989,7.69446785412299,0.379600362476677
-4.45972392342364,0.0058377977419723,0.633361155707922,8.91944784684727,0.344017403723193
-1.84170146052455,0.00055580214196307,0.0118707490036734,3.6834029210491,0.150758306048849
-2.84817539365859,0.00186991441613465,0.075036542760742,5.69635078731718,0.229901365100783
-3.53218097585222,0.00400920033626244,0.204685071664652,7.06436195170443,0.454915473956772
-5.65575495948033,0.0201065919741803,1.04085317007475,11.3115099189607,0.584065170092476
-3.55751005828359,0.00331803904392203,0.150556197455616,7.11502011656717,0.388423524397068
-2.70303936097776,0.000929105525545405,0.0229230831053968,5.40607872195552,0.282537369215211
-1.9342760651289,0.00116404695727854,0.0346919595921822,3.86855213025779,0.180022852989272
-3.36923555724316,0.0019070518577663,0.0712144219389543,6.73847111448632,0.276291243751067
-2.91712910427545,0.00234201233746987,0.0994528557295862,5.8342582085509,0.297248530545138
-2.50111454676011,0.00193395300088221,0.0911507521964658,5.00222909352022,0.21084080985592
-2.25528864964076,0.000945054640373318,0.0259821126137858,4.51057729928151,0.20952606034093
-3.33686186762096,0.00310563335577971,0.190380678597842,6.67372373524192,0.310960442945417
-2.79709521858351,0.00101383586964061,0.0253287448583599,5.59419043716701,0.322279614254566
-2.71576036606528,0.00150319875999711,0.0548285821002281,5.43152073213057,0.322977125060831
-3.8633362892567,0.00363958060625935,0.155869626696509,7.72667257851341,0.418222616152536
-3.02971513776744,0.00100399745433428,0.0277991480656556,6.05943027553489,0.26533718983137
-2.49405585536417,0.00276889186389242,0.169685853332178,4.98811171072834,0.318390395883942
-2.7032231857959,0.00134313531699379,0.0502043525035898,5.4064463715918,0.232037028051963
-3.82618586257769,0.00501172968659404,0.247109178126195,7.65237172515538,0.49197312002078
-3.07676767468498,0.00133695354065969,0.0425603252291182,6.15353534936997,0.290524966349816
-3.39337867795594,0.0014444946868167,0.00901352751933615,6.78675735591188,0.0670447939178991
-3.4269548619273,0.00333033798334482,0.161650138519057,6.8539097238546,0.400530516394568
-2.78182483898631,0.00225608012987384,0.0848274640247517,5.56364967797262,0.380553182705457
-4.13754298433376,0.0056345050330482,0.534976120721551,8.27508596866752,0.278901392700273
-3.84497307272987,0.00471207190396249,0.216912192248028,7.68994614545975,0.457484804183064
-3.03504233877881,0.00173854622056553,0.0579266950676978,6.07008467755762,0.379611929378865
-2.76515230168197,0.00121576082986309,0.0408871393411498,5.53030460336393,0.25058003387371
-2.27970616452895,0.00106770466366915,0.0329637518918684,4.5594123290579,0.281007555738155
-3.15648613925767,0.00283191913519373,0.16468389630916,6.31297227851535,0.348481201123337
-2.74079009938254,0.00110510848239921,0.0342472390506714,5.48158019876509,0.2483517866642
-2.40536890649286,0.000999391830880147,0.0297592067671353,4.81073781298571,0.22061274699263
-3.42085477163973,0.00350028066096972,0.185019247476079,6.84170954327946,0.395728793200469
-2.78083127534221,0.00213413421641207,0.108584083492524,5.56166255068442,0.253762177813929
-3.15035960063964,0.00341641924877447,0.242304168343162,6.30071920127929,0.284333536053133
-2.24388654305613,0.000883157124982633,0.0233318200104549,4.48777308611226,0.249206627287871
-2.21891550824961,0.000678132118191023,0.0156604129200524,4.43783101649922,0.187059667866998
-2.22604457668755,0.000757919108121441,0.0180261506278434,4.4520891533751,0.260107830441603
-2.77895286632661,0.00172051854738625,0.0753314146336628,5.55790573265321,0.304708950198333
-3.93457329443139,0.00526762304909458,0.314841668121575,7.86914658886278,0.407814351221827
-2.67328279215674,0.00140223818952536,0.0462064177697901,5.34656558431348,0.286618120284376
-5.48077950511504,0.0232480783372385,0.993781815829045,10.9615590102301,0.680303699856453
-3.34160453017924,0.00181499489036267,0.060525814179913,6.68320906035848,0.397392857594093
-2.76660442907072,0.00285301836529416,0.201013051090518,5.53320885814144,0.190424609536391
-2.50405639126844,0.00258771943493919,0.178402749400242,5.00811278253687,0.20155059734482
-3.74696961155237,0.00501843974394864,0.50324256758107,7.49393922310474,0.313151274565067
-2.46817382519542,0.00296904472748789,0.213722933393594,4.93634765039085,0.299492566068645
-7.95427865569327,0.0373290055079288,1.19204521767781,15.9085573113865,0.541828051981771
-2.57215701935433,0.00250605727191577,0.155927406906798,5.14431403870865,0.266525738631302
-4.00494609819461,0.00446927440429429,0.211320215373449,8.00989219638923,0.468790274872875
-2.15607140476619,0.00126092259383279,0.0440754123066558,4.31214280953238,0.207109326087914
-3.18512154046041,0.00311142479461089,0.173286966857829,6.37024308092083,0.337061690296232
-2.40913071856616,0.00102270048898415,0.0312396985252921,4.81826143713233,0.224345872544903
-2.80808273304043,0.000984095774783851,0.0280467777313174,5.61616546608085,0.287835734333638
-3.02802623623214,0.00156325615016217,0.0545827644627721,6.05605247246428,0.319317600337646
-3.48302587325822,0.00324832472311905,0.146172733557016,6.96605174651643,0.418429542780727
-2.5904388789079,0.00188461151705318,0.0871303575593387,5.1808777578158,0.312878670919089
-4.55949773765808,0.0132006584677683,0.667384396065549,9.11899547531616,0.538506073387472
-2.63963217622535,0.00108996125757715,0.0348290532299007,5.2792643524507,0.221341131160939
-2.49902517783388,0.00166997093091805,0.0645700027639773,4.99805035566775,0.270367669028498
-3.89592916159123,0.00405911450424004,0.167622430201249,7.79185832318246,0.308771512081984
-2.39218897955445,0.000931566620579948,0.0269109165762451,4.78437795910891,0.127452499640672
-4.29409343057142,0.00901635343931014,0.55240807514812,8.58818686114284,0.459421670201559
-2.62242296773382,0.000937348604830145,0.0279383907853816,5.24484593546764,0.205938827361747
-2.33886230736225,0.00197519828806701,0.0975818118201772,4.6777246147245,0.251655616235539
-2.6549376684544,0.00124273257919913,0.0395506718047329,5.3098753369088,0.295814931876183
-2.84379934839858,0.00131300291772998,0.0433071771652926,5.68759869679716,0.275988396126239
-2.63140703231066,0.00165694746608406,0.0671752564946111,5.26281406462132,0.257507716015036
-1.84338155408648,0.000597614405438286,0.0127250763074986,3.68676310817297,0.15951543781273
-2.17043775489328,0.00140060563609345,0.0507508748803769,4.34087550978656,0.278620166543562
-2.23724019578261,0.000804992951348439,0.0212964287297339,4.47448039156523,0.18975005890417
-2.3517507978211,0.00152564622560583,0.0573573957442601,4.7035015956422,0.320971404677662
-2.75078506156533,0.00363849639307216,0.294028876376556,5.50157012313065,0.264633973252456
-2.1737289710372,0.00136971970665387,0.0508962068290337,4.3474579420744,0.280670471148813
-1.8466295273336,0.000598466801558578,0.0132461393636039,3.6932590546672,0.178353467692887
-4.0850646545588,0.00858136888075386,0.526601479125741,8.17012930911759,0.515203215613297
-2.61317408608266,0.0034724023852968,0.296945212771233,5.22634817216532,0.237700189746844
-2.18004086174628,0.00141135307864082,0.0524413570805997,4.36008172349255,0.242728415776816
-2.65482146624808,0.00125565237010599,0.0409777183362117,5.30964293249617,0.317373408759186
-2.06499206558041,0.00221987936003898,0.128205763798393,4.12998413116081,0.292853101021709
-2.14331826987814,0.00206547520568857,0.104673644802691,4.28663653975629,0.255490156652503
-2.83926241076025,0.00374066352509748,0.272181560861645,5.67852482152049,0.317403515973627
-2.95958589542021,0.00371966733482673,0.207697810288817,5.91917179084042,0.309144480029038
-2.53984560655347,0.00112147127199727,0.0367561071065428,5.07969121310694,0.268295821231854
-3.06860052201707,0.00192992389394469,0.0860642165796257,6.13720104403415,0.265434202009802
-4.10639732426642,0.00614578823945571,0.28826329618356,8.21279464853284,0.499530076342314
-2.68538381610058,0.00214564960664885,0.108638257174256,5.37076763220117,0.225847457236283
-3.03105817886326,0.00102412030653189,0.0284966934270763,6.06211635772652,0.271942762646805
-3.16114751839042,0.00106300312433423,0.0305424119699946,6.32229503678083,0.335739420771554
-3.4131674578065,0.00154407813843906,0.049732707884103,6.826334915613,0.296152488073453
-3.08851803293282,0.00397818406243196,0.312707238939627,6.17703606586564,0.277727789049968
-4.6148975007324,0.00910887365188093,0.538123361081809,9.22979500146479,0.514671884694209
-5.1852305046069,0.0157433394752567,0.946979595874923,10.3704610092138,0.488866014528478
-3.30574370956117,0.00130062255112063,0.0413928556718854,6.61148741912234,0.318691414966614
-3.63021173371788,0.00443603075953844,0.325093638876633,7.26042346743576,0.347590604332422
-2.8880537577449,0.00143326422509467,0.0535042539572732,5.77610751548981,0.254166116561945
-5.15052384667065,0.00500562272098827,0.240172588538513,10.3010476933413,0.202419057325434
-3.05981031467197,0.00152087727355638,0.0588721610538112,6.11962062934394,0.204206488407355
-2.97608289452173,0.00220358302477002,0.0920700512127155,5.95216578904346,0.298264812346935
-3.78420775463914,0.00540151426806996,0.489842404884859,7.56841550927827,0.360008778744163
-3.54592778846955,0.00270061563495979,0.107777072423795,7.0918555769391,0.412616206711322
-3.63863668746417,0.00366562218866715,0.204623812051312,7.27727337492834,0.316705925075958
-3.21470837735605,0.00341148097770068,0.185419185070607,6.4294167547121,0.34791050965173
-4.14354571973843,0.00929269557700909,0.495885885998606,8.28709143947686,0.515902331195931
-2.25237696384566,0.00227541633946586,0.126374063071502,4.50475392769133,0.246895798729859
-2.63586218480569,0.00106529226083395,0.0326052600749271,5.27172436961138,0.277438872663119
-2.61548197012572,0.00253871099553725,0.141014038380861,5.23096394025144,0.288134747912887
-3.48156427485159,0.00529847028530234,0.368971844888536,6.96312854970319,0.364514411102249
-2.52834670288444,0.00168719988107579,0.0726534479489818,5.05669340576889,0.232683343640422
-2.71338747202693,0.00247222247734538,0.132909081124842,5.42677494405385,0.255380105147168
-2.40422593753675,0.00265419037935821,0.166502459989294,4.80845187507349,0.277486869693913
-2.37892527286443,0.00158576737010527,0.0661263378964687,4.75785054572886,0.228134655733178
-2.76017152176169,0.00137179533444607,0.0451688424617966,5.52034304352339,0.36971015554277
-1.60323022130688,0.000743685291440759,0.0176292366138249,3.20646044261376,0.248762780563197
-3.2215235584671,0.00355268077763454,0.169583255970476,6.44304711693421,0.451236194987703
-2.835603602102,0.00242729496275177,0.111473826824207,5.67120720420399,0.334771665341831
-2.18266241596003,0.00201354687665131,0.105018883737886,4.36532483192007,0.244021272839885
-2.10194009445961,0.000974760929117075,0.0296904644400069,4.20388018891922,0.231949078436966
-2.53847947851324,0.00328764593283858,0.245097005550244,5.07695895702647,0.279117460895322
-2.53457454650981,0.00188355296382566,0.0822484665410368,5.06914909301962,0.277796146834934
-2.16764154010298,0.00343599401374092,0.251575874459114,4.33528308020596,0.267995511004889
-2.9655664683031,0.00166341263355414,0.0586809948692295,5.93113293660619,0.316782721933741
-2.67312068013284,0.00208737916702596,0.104052075803223,5.34624136026567,0.207417053429624
-3.48729942251265,0.00178064300597406,0.0614374394977224,6.97459884502531,0.383059711495239
-2.93140873180447,0.00122892499732741,0.0413537416412364,5.86281746360894,0.262848631079318
-3.77300631058684,0.0035048556959285,0.164803878705126,7.54601262117368,0.409703121107586
-2.33088119988799,0.00211558825926737,0.126272628568447,4.66176239977597,0.17546474823432
-2.87007357898757,0.00195535640062088,0.0815803529088086,5.74014715797514,0.358310023735272
-2.84664104646306,0.00229089519470114,0.104640450865684,5.69328209292612,0.326753437612545
-2.50767563470255,0.000898523431639044,0.0247170818921827,5.01535126940511,0.241344773053751
-2.81710574149822,0.000503734938802243,0.00547110454995092,5.63421148299645,0.0842269445210506
-2.81929626208832,0.00111770772647107,0.0331069958892307,5.63859252417664,0.231327105687165
-3.11657350328333,0.00381741121669459,0.278740509023779,6.23314700656666,0.401213940728981
-3.25556820184022,0.00326937570802487,0.16792746294624,6.51113640368045,0.398701595412656
-2.6906013125128,0.00170936110296356,0.0769993213003222,5.3812026250256,0.242818767326251
-3.03986970616607,0.00174131531614308,0.0157044757062668,6.07973941233213,0.083074467766855
-2.33215856332632,0.00221440947920252,0.128025458684014,4.66431712665264,0.3261508606362
-2.49424701138956,0.00185940145076797,0.0885901238260018,4.98849402277911,0.287607891873351
-2.51239631403192,0.000933854770336753,0.0255626507163509,5.02479262806385,0.191877408912565
-2.92035353002547,0.00218320734079303,0.0990322406327593,5.84070706005093,0.319950617047143
-4.21424862932632,0.00497208353036107,0.228524705910624,8.42849725865264,0.496139147599077
-3.08915663814842,0.00146117367888598,0.0508423103583588,6.17831327629684,0.336417345482561
-2.60111297744329,0.000981898943453821,0.0161969880981836,5.20222595488658,0.0574187240746362
-2.87843008406455,0.00305416517649822,0.225325898642906,5.7568601681291,0.273553681983065
-4.75217610616256,0.00850390470851244,0.459598269576306,9.50435221232513,0.488884237395006
-3.04257269798683,0.00104573142616108,0.0319281095791926,6.08514539597367,0.235369365432363
-2.81435568151592,0.00311405193815803,0.243237529906418,5.62871136303184,0.25885155687101
-2.38968190669162,0.0024233578224085,0.144464335288518,4.77936381338324,0.26396900472553
-2.77357748576622,0.00198760384783178,0.102968127857988,5.54715497153244,0.270294846157192
-2.61951510606673,0.000938307837291796,0.0262619517980074,5.23903021213346,0.282001258067103
-2.76641666551862,0.00119176624351793,0.0412810185409711,5.53283333103725,0.189260589705451
-2.92859456397535,0.00134297346382244,0.0447194163700892,5.85718912795069,0.285092686148633
-3.03305619986776,0.0009790417143144,0.0287857674212901,6.06611239973552,0.244019525782616
-6.5783965819164,0.00846530788212732,0.648788785995555,13.1567931638328,0.324785885948633
-3.53495879743576,0.00443150537651306,0.252127807288431,7.06991759487152,0.439029530620287
-3.11862328206798,0.0034020603304243,0.282432919185213,6.23724656413596,0.318660042189638
-2.80293927253004,0.00308547346730799,0.240894602071037,5.60587854506009,0.199482900892843
-2.70388736876511,0.000845370272591343,0.0226761837661371,5.40777473753022,0.183163246455325
-2.80965341289912,0.00216802288675118,0.113595521605946,5.61930682579824,0.251110559386883
-4.22430958791334,0.00582245011847759,0.33898944615541,8.44861917582668,0.420044352069279
-2.76249638536242,0.00283428759606553,0.198060820784372,5.52499277072485,0.23050733131367
-1.90434246979743,0.000985858047832341,0.0273409101492792,3.80868493959487,0.197773005630549
-2.04712878487933,0.000615280012888514,0.013482207760239,4.09425756975866,0.205679813942925
-2.89221008072323,0.00172410772767351,0.0607433494817951,5.78442016144646,0.354656185371615
-2.68880764750027,0.00317374384018491,0.251692016421366,5.37761529500053,0.233917327066432
-3.36793133389599,0.00271034975085883,0.116912592449701,6.73586266779199,0.363933191940501
-1.8532452836462,0.0016029507429167,0.070422693308311,3.7064905672924,0.165572751294258
-3.83063702088993,0.00463559763469166,0.48536008719614,7.66127404177987,0.286729671305996
-3.15311628284789,0.00392096600687403,0.371697977287013,6.30623256569577,0.286720378789043
-3.24986844644402,0.00294909384985884,0.165666913833046,6.49973689288804,0.266021038953006
-2.88114216785267,0.0036035933474797,0.331847808060246,5.76228433570534,0.218057916930022
-2.08158019428488,0.000874256045541895,0.0228763383218187,4.16316038856975,0.274114819688531
-2.67351119812234,0.00172490459670089,0.0746364633960042,5.34702239624468,0.217559470530719
-2.04748162697323,0.000626605466920405,0.013606491383408,4.09496325394646,0.233123649602448
-3.42649607840559,0.00351769436861278,0.166563175268125,6.85299215681117,0.433667141850855
-3.55727353143128,0.00323658459615748,0.1525734708299,7.11454706286256,0.407628193607153
-2.60564009277771,0.000870010721233729,0.0221903811924395,5.21128018555542,0.306002952304854
-4.11164730417383,0.00691812479296604,0.431021817557282,8.22329460834765,0.446835031715698
-2.80981823223676,0.00168555349850441,0.0633823455363292,5.61963646447352,0.258845499138345
-2.42362565051522,0.00212552108751321,0.117029535283312,4.84725130103043,0.27826745690033
-5.98948756709139,0.0297567112334164,1.12343398124593,11.9789751341828,0.699449509443262
-2.3783752590037,0.00149123893495697,0.0628664634895131,4.7567505180074,0.229502507196066
-2.48986535426551,0.00190842584650553,0.0950769672243279,4.97973070853102,0.272869245852625
-4.09327186669137,0.00681792799317506,0.385472548090148,8.18654373338275,0.451084426082708
-3.47758174620742,0.00421546644012573,0.374036315480613,6.95516349241484,0.287864253516782
-2.35663359929454,0.00236060189328126,0.143379004909983,4.71326719858907,0.220487107947627
-2.99583362617281,0.00133652087131546,0.0428697148691093,5.99166725234561,0.31374430826495
-2.39450939456508,0.000960974017102581,0.0270265729157444,4.78901878913016,0.267950405875685
-2.75888509123762,0.00122679778213564,0.0409901339155301,5.51777018247524,0.272746724565996
-2.05698105546366,0.000702218533581744,0.0163550808858535,4.11396211092731,0.254692768866
